http://i.imgur.com/TKLs9lo.jpg,#ffffff,#fefefe,#f7f7f7
http://i.imgur.com/lcEUZHv.jpg,#ffffff,#c6bcbf,#444a5a
https://i.redd.it/4m5yk8gjrtzy.jpg,#010101,#020001,#030001
http://i.imgur.com/FApqk3D.jpg,#ffffff,#000000,#f3c300
https://i.redd.it/1nlgrn49x7ry.jpg,#0f0f0f,#101010,#13100d
https://i.redd.it/s5viyluv421z.jpg,#f5eedd,#f6efde,#7a522f
http://i.imgur.com/M3NOzLC.jpg,#ffffff,#93907d,#928f7c
https://i.redd.it/w5q6gldnvcuy.jpg,#f3f3f3,#19161d,#18151c
https://i.redd.it/xae65ypfqycy.jpg,#f4f4f4,#c83a2e,#c24541
https://i.redd.it/d8021b5i2moy.jpg,#ffffff,#010304,#020405
